{"errors":[],"warnings":["./src/pages/candidates.js 1:305-321\n\"export 'getAllCandidates' was not found in './api/apiCore'"],"namedChunkGroups":{"polyfill":{"chunks":[0,14],"assets":["webpack-runtime-e7a82add45436f3b908d.js","webpack-runtime-e7a82add45436f3b908d.js.map","polyfill-a034fcc645a49acaf900.js","polyfill-a034fcc645a49acaf900.js.map"],"children":{},"childAssets":{}},"app":{"chunks":[0,13,1],"assets":["webpack-runtime-e7a82add45436f3b908d.js","webpack-runtime-e7a82add45436f3b908d.js.map","framework-29ba174b433dc5858bed.js","framework-29ba174b433dc5858bed.js.map","app-f3fa1f720af1672a5a06.js","app-f3fa1f720af1672a5a06.js.map"],"children":{},"childAssets":{}},"component---src-pages-404-js":{"chunks":[2],"assets":["component---src-pages-404-js-9e2ce5f02511a5c31cd8.js","component---src-pages-404-js-9e2ce5f02511a5c31cd8.js.map"],"children":{},"childAssets":{}},"component---src-pages-api-api-core-js":{"chunks":[3],"assets":["component---src-pages-api-api-core-js-f9931b10fad5adee6205.js","component---src-pages-api-api-core-js-f9931b10fad5adee6205.js.map"],"children":{},"childAssets":{}},"component---src-pages-blogg-js":{"chunks":[4],"assets":["component---src-pages-blogg-js-31b53898862db62b0328.js","component---src-pages-blogg-js-31b53898862db62b0328.js.map"],"children":{},"childAssets":{}},"component---src-pages-candidates-js":{"chunks":[5],"assets":["component---src-pages-candidates-js-82b6d993e9ceece3703b.js","component---src-pages-candidates-js-82b6d993e9ceece3703b.js.map"],"children":{},"childAssets":{}},"component---src-pages-events-js":{"chunks":[6],"assets":["component---src-pages-events-js-553d0c81838cd4ac983d.js","component---src-pages-events-js-553d0c81838cd4ac983d.js.map"],"children":{},"childAssets":{}},"component---src-pages-index-js":{"chunks":[7],"assets":["component---src-pages-index-js-fe50cbe0acba777cc5f7.js","component---src-pages-index-js-fe50cbe0acba777cc5f7.js.map"],"children":{},"childAssets":{}},"component---src-pages-jobs-js":{"chunks":[8],"assets":["component---src-pages-jobs-js-b6cc0a3c5c6fc21251c6.js","component---src-pages-jobs-js-b6cc0a3c5c6fc21251c6.js.map"],"children":{},"childAssets":{}},"component---src-pages-kontakt-oss-js":{"chunks":[9],"assets":["component---src-pages-kontakt-oss-js-eaaa24c853b7506c8418.js","component---src-pages-kontakt-oss-js-eaaa24c853b7506c8418.js.map"],"children":{},"childAssets":{}},"component---src-pages-ledige-stillinger-js":{"chunks":[10],"assets":["component---src-pages-ledige-stillinger-js-9ad008cbde3982859f92.js","component---src-pages-ledige-stillinger-js-9ad008cbde3982859f92.js.map"],"children":{},"childAssets":{}},"component---src-pages-om-oss-js":{"chunks":[11],"assets":["component---src-pages-om-oss-js-f45944f402dc9637a4f7.js","component---src-pages-om-oss-js-f45944f402dc9637a4f7.js.map"],"children":{},"childAssets":{}},"component---src-pages-tjenester-js":{"chunks":[12],"assets":["component---src-pages-tjenester-js-5a21c0dc4b7ebc39d55f.js","component---src-pages-tjenester-js-5a21c0dc4b7ebc39d55f.js.map"],"children":{},"childAssets":{}}},"assetsByChunkName":{"polyfill":["webpack-runtime-e7a82add45436f3b908d.js","polyfill-a034fcc645a49acaf900.js"],"app":["webpack-runtime-e7a82add45436f3b908d.js","framework-29ba174b433dc5858bed.js","app-f3fa1f720af1672a5a06.js"],"component---src-pages-404-js":["component---src-pages-404-js-9e2ce5f02511a5c31cd8.js"],"component---src-pages-api-api-core-js":["component---src-pages-api-api-core-js-f9931b10fad5adee6205.js"],"component---src-pages-blogg-js":["component---src-pages-blogg-js-31b53898862db62b0328.js"],"component---src-pages-candidates-js":["component---src-pages-candidates-js-82b6d993e9ceece3703b.js"],"component---src-pages-events-js":["component---src-pages-events-js-553d0c81838cd4ac983d.js"],"component---src-pages-index-js":["component---src-pages-index-js-fe50cbe0acba777cc5f7.js"],"component---src-pages-jobs-js":["component---src-pages-jobs-js-b6cc0a3c5c6fc21251c6.js"],"component---src-pages-kontakt-oss-js":["component---src-pages-kontakt-oss-js-eaaa24c853b7506c8418.js"],"component---src-pages-ledige-stillinger-js":["component---src-pages-ledige-stillinger-js-9ad008cbde3982859f92.js"],"component---src-pages-om-oss-js":["component---src-pages-om-oss-js-f45944f402dc9637a4f7.js"],"component---src-pages-tjenester-js":["component---src-pages-tjenester-js-5a21c0dc4b7ebc39d55f.js"]}}